timestamp,machine_id,offer_id,gpu,dph,adv_down_mbps,boot_s,probe_mbps,dl_mbps,ready_min,data_gb,result,est_ready_min,own_weights_mb,render_status,render_s,render_s_per_video_s,peak_vram_mb,fail_note
2026-10-03T15:50:28Z,136786,44885353,RTX_4090,0.4044,1476.3,450,0,,,,never_running,,,,,,,
2026-10-03T15:58:00Z,110506,52056524,RTX_4090,0.4044,1356.9,451,0,,,,never_running,,,,,,,
2026-10-03T16:04:03Z,10216,53982925,RTX_4090,0.46,1733.3,235,0,,,,no_ssh,,,,,,,
2026-10-04T03:11:13Z,59490,45289255,RTX_3090,0.3156,3094.1,456,0,,,,never_running,,,,,,,
2026-10-04T03:26:24Z,122589,51240122,RTX_3090,0.3711,2193.5,185,1415,,,0,deploy_failed,,,,,,,
2026-10-04T03:52:20Z,72636,35147008,RTX_5090,0.5828,6643.3,155,1146,,,0,deploy_failed,,,,,,,
2026-10-04T04:36:31Z,45773,53194863,RTX_3090,0.3267,2083.1,168,1390,,,0,deploy_failed,,,,,,,
2026-10-04T06:29:31Z,11968,51767378,RTX_4090,0.4703,4418.5,129,982,,,0,deploy_failed,,,,,,,
2026-10-04T06:46:06Z,138581,52741275,RTX_3090,0.3133,8396.8,40,1445,,,0,deploy_failed,,,,,,,
2026-10-04T07:57:11Z,149263,53453596,RTX_3090,0.2182,4186.2,454,0,,,,never_running,,,,,,,
2026-10-04T08:04:47Z,42565,47210271,RTX_3090,0.2556,1486.8,455,0,,,,never_running,,,,,,,
2026-10-04T10:20:42Z,104634,46236533,RTX_3090,0.3156,1984.2,106,1271,,,0,deploy_failed,,,,,,,
2026-10-04T10:29:35Z,49372,53783690,RTX_4090,0.448,1497.5,196,0,,,,no_ssh,,,,,,,
2026-10-04T10:59:05Z,60701,47359397,RTX_4090,0.4044,1285.8,325,0,,,,never_running,,,,,,,
2026-10-04T11:10:24Z,36225,32539113,RTX_4090,0.5889,1523.9,171,955,1320,11,67,ok,,,,,,,
2026-10-05T08:31:03Z,110781,51969561,RTX_5090,0.5822,677.6,185,396,,,,slow_probe,25.3,,,,,,
2026-10-05T08:33:52Z,150732,50830532,RTX_5090,0.5556,892.9,158,780,,,,slow_probe,20.4,,,,,,
2026-10-05T08:39:18Z,137988,54241529,RTX_5090,0.5667,871.3,325,0,,,,never_running,20.8,,,,,,
2026-10-05T08:44:44Z,145814,53119690,RTX_5090,0.5667,820.9,325,0,,,,never_running,21.8,,,,,,
2026-10-05T08:50:10Z,19492,36443019,RTX_5090,0.5667,670.9,324,0,,,,never_running,25.6,,,,,,
